kind	split	seed	injected	potential_ok	path_count	incumbent	pruneable	false_prunes	cycle_profit	grid_count	grid_violations	max_error
graph	discovery	1	false	true	10	180	6	0	-45	NA	NA	NA
graph	discovery	2	false	true	10	176	0	0	-55	NA	NA	NA
graph	discovery	3	false	true	10	180	3	0	-55	NA	NA	NA
graph	discovery	4	false	true	10	180	9	0	-45	NA	NA	NA
graph	discovery	5	false	true	10	180	3	0	-26	NA	NA	NA
graph	discovery	6	false	true	10	178	3	0	-35	NA	NA	NA
graph	discovery	7	false	true	10	178	6	0	-35	NA	NA	NA
graph	discovery	8	false	true	10	180	6	0	-25	NA	NA	NA
graph	discovery	9	false	true	10	178	9	0	-55	NA	NA	NA
graph	discovery	10	false	true	10	180	6	0	-25	NA	NA	NA
graph	discovery	11	false	true	10	180	6	0	-36	NA	NA	NA
graph	discovery	12	false	true	10	176	0	0	-45	NA	NA	NA
graph	discovery	13	false	true	10	176	0	0	-25	NA	NA	NA
graph	discovery	14	false	true	10	178	6	0	-55	NA	NA	NA
graph	discovery	15	false	true	10	180	9	0	-35	NA	NA	NA
graph	discovery	16	false	true	10	180	6	0	-45	NA	NA	NA
graph	discovery	17	false	true	10	178	0	0	-35	NA	NA	NA
graph	discovery	18	false	true	10	180	9	0	-45	NA	NA	NA
graph	discovery	19	false	true	10	178	3	0	-25	NA	NA	NA
graph	discovery	20	false	true	10	178	0	0	-45	NA	NA	NA
graph	discovery	21	false	true	10	176	0	0	-35	NA	NA	NA
graph	discovery	22	false	true	10	180	6	0	-26	NA	NA	NA
graph	discovery	23	false	true	10	178	6	0	-55	NA	NA	NA
graph	discovery	24	false	true	10	180	6	0	-55	NA	NA	NA
graph	discovery	25	false	true	10	180	6	0	-25	NA	NA	NA
graph	discovery	26	false	true	10	178	6	0	-26	NA	NA	NA
graph	discovery	27	false	true	10	178	3	0	-25	NA	NA	NA
graph	discovery	28	false	true	10	176	0	0	-36	NA	NA	NA
graph	discovery	29	false	true	10	176	0	0	-36	NA	NA	NA
graph	discovery	30	false	true	10	176	0	0	-25	NA	NA	NA
graph	discovery	31	false	true	10	180	9	0	-35	NA	NA	NA
graph	discovery	32	false	true	10	176	0	0	-36	NA	NA	NA
graph	discovery	33	false	true	10	176	0	0	-36	NA	NA	NA
graph	discovery	34	false	true	10	176	0	0	-35	NA	NA	NA
graph	discovery	35	false	true	10	180	9	0	-25	NA	NA	NA
graph	discovery	36	false	true	10	176	0	0	-35	NA	NA	NA
graph	discovery	37	false	true	10	180	6	0	-36	NA	NA	NA
graph	discovery	38	false	true	10	178	6	0	-35	NA	NA	NA
graph	discovery	39	false	true	10	180	3	0	-45	NA	NA	NA
graph	discovery	40	false	true	10	176	0	0	-45	NA	NA	NA
graph	discovery	41	false	true	10	176	0	0	-55	NA	NA	NA
graph	discovery	42	false	true	10	180	6	0	-55	NA	NA	NA
graph	discovery	43	false	true	10	176	0	0	-16	NA	NA	NA
graph	discovery	44	false	true	10	178	6	0	-55	NA	NA	NA
graph	discovery	45	false	true	10	178	3	0	-35	NA	NA	NA
graph	discovery	46	false	true	10	178	3	0	-35	NA	NA	NA
graph	discovery	47	false	true	10	176	0	0	-35	NA	NA	NA
graph	discovery	48	false	true	10	180	6	0	-35	NA	NA	NA
graph	discovery	49	false	true	10	180	9	0	-45	NA	NA	NA
graph	discovery	50	false	true	10	176	0	0	-26	NA	NA	NA
graph	discovery	51	false	true	10	176	0	0	-45	NA	NA	NA
graph	discovery	52	false	true	10	180	6	0	-25	NA	NA	NA
graph	discovery	53	false	true	10	176	0	0	-25	NA	NA	NA
graph	discovery	54	false	true	10	180	0	0	-26	NA	NA	NA
graph	discovery	55	false	true	10	178	3	0	-16	NA	NA	NA
graph	discovery	56	false	true	10	176	0	0	-25	NA	NA	NA
graph	discovery	57	false	true	10	176	0	0	-55	NA	NA	NA
graph	discovery	58	false	true	10	176	0	0	-26	NA	NA	NA
graph	discovery	59	false	true	10	180	6	0	-45	NA	NA	NA
graph	discovery	60	false	true	10	180	9	0	-45	NA	NA	NA
graph	discovery	61	false	true	10	176	0	0	-35	NA	NA	NA
graph	discovery	62	false	true	10	180	3	0	-16	NA	NA	NA
graph	discovery	63	false	true	10	176	0	0	-55	NA	NA	NA
graph	discovery	64	false	true	10	178	6	0	-55	NA	NA	NA
graph	discovery	65	false	true	10	178	3	0	-35	NA	NA	NA
graph	discovery	66	false	true	10	178	3	0	-36	NA	NA	NA
graph	discovery	67	false	true	10	176	0	0	-35	NA	NA	NA
graph	discovery	68	false	true	10	176	0	0	-45	NA	NA	NA
graph	discovery	69	false	true	10	176	0	0	-16	NA	NA	NA
graph	discovery	70	false	true	10	176	0	0	-26	NA	NA	NA
graph	discovery	71	false	true	10	180	6	0	-35	NA	NA	NA
graph	discovery	72	false	true	10	176	0	0	-55	NA	NA	NA
graph	discovery	73	false	true	10	180	3	0	-45	NA	NA	NA
graph	discovery	74	false	true	10	178	9	0	-45	NA	NA	NA
graph	discovery	75	false	true	10	176	0	0	-55	NA	NA	NA
graph	discovery	76	false	true	10	176	0	0	-45	NA	NA	NA
graph	discovery	77	false	true	10	178	6	0	-35	NA	NA	NA
graph	discovery	78	false	true	10	178	3	0	-45	NA	NA	NA
graph	discovery	79	false	true	10	180	3	0	-26	NA	NA	NA
graph	discovery	80	false	true	10	176	0	0	-26	NA	NA	NA
graph	holdout	81	false	true	10	180	6	0	-45	NA	NA	NA
graph	holdout	82	false	true	10	178	6	0	-35	NA	NA	NA
graph	holdout	83	false	true	10	178	0	0	-16	NA	NA	NA
graph	holdout	84	false	true	10	178	6	0	-35	NA	NA	NA
graph	holdout	85	false	true	10	180	9	0	-35	NA	NA	NA
graph	holdout	86	false	true	10	176	0	0	-45	NA	NA	NA
graph	holdout	87	false	true	10	180	6	0	-35	NA	NA	NA
graph	holdout	88	false	true	10	180	9	0	-35	NA	NA	NA
graph	holdout	89	false	true	10	180	3	0	-16	NA	NA	NA
graph	holdout	90	false	true	10	176	0	0	-36	NA	NA	NA
graph	holdout	91	false	true	10	176	0	0	-35	NA	NA	NA
graph	holdout	92	false	true	10	178	6	0	-45	NA	NA	NA
graph	holdout	93	false	true	10	178	3	0	-16	NA	NA	NA
graph	holdout	94	false	true	10	180	9	0	-45	NA	NA	NA
graph	holdout	95	false	true	10	176	0	0	-45	NA	NA	NA
graph	holdout	96	false	true	10	180	9	0	-45	NA	NA	NA
graph	holdout	97	false	true	10	176	0	0	-35	NA	NA	NA
graph	holdout	98	false	true	10	180	6	0	-35	NA	NA	NA
graph	holdout	99	false	true	10	176	0	0	-36	NA	NA	NA
graph	holdout	100	false	true	10	176	0	0	-35	NA	NA	NA
graph	holdout	101	false	true	10	180	6	0	-25	NA	NA	NA
graph	holdout	102	false	true	10	180	6	0	-16	NA	NA	NA
graph	holdout	103	false	true	10	178	6	0	-45	NA	NA	NA
graph	holdout	104	false	true	10	178	6	0	-35	NA	NA	NA
graph	holdout	105	false	true	10	180	6	0	-26	NA	NA	NA
graph	holdout	106	false	true	10	178	0	0	-36	NA	NA	NA
graph	holdout	107	false	true	10	178	3	0	-36	NA	NA	NA
graph	holdout	108	false	true	10	178	0	0	-16	NA	NA	NA
graph	holdout	109	false	true	10	180	3	0	-25	NA	NA	NA
graph	holdout	110	false	true	10	178	3	0	-26	NA	NA	NA
graph	holdout	111	false	true	10	180	6	0	-35	NA	NA	NA
graph	holdout	112	false	true	10	176	0	0	-45	NA	NA	NA
graph	holdout	113	false	true	10	178	0	0	-35	NA	NA	NA
graph	holdout	114	false	true	10	178	3	0	-25	NA	NA	NA
graph	holdout	115	false	true	10	176	0	0	-45	NA	NA	NA
graph	holdout	116	false	true	10	180	9	0	-25	NA	NA	NA
graph	holdout	117	false	true	10	180	6	0	-35	NA	NA	NA
graph	holdout	118	false	true	10	176	0	0	-35	NA	NA	NA
graph	holdout	119	false	true	10	178	9	0	-45	NA	NA	NA
graph	holdout	120	false	true	10	180	0	0	-36	NA	NA	NA
graph	holdout	121	false	true	10	176	0	0	-26	NA	NA	NA
graph	holdout	122	false	true	10	176	0	0	-35	NA	NA	NA
graph	holdout	123	false	true	10	180	6	0	-16	NA	NA	NA
graph	holdout	124	false	true	10	176	0	0	-55	NA	NA	NA
graph	holdout	125	false	true	10	180	6	0	-45	NA	NA	NA
graph	holdout	126	false	true	10	178	6	0	-25	NA	NA	NA
graph	holdout	127	false	true	10	176	0	0	-55	NA	NA	NA
graph	holdout	128	false	true	10	180	9	0	-45	NA	NA	NA
graph	holdout	129	false	true	10	180	6	0	-45	NA	NA	NA
graph	holdout	130	false	true	10	176	0	0	-36	NA	NA	NA
graph	holdout	131	false	true	10	178	9	0	-55	NA	NA	NA
graph	holdout	132	false	true	10	178	3	0	-45	NA	NA	NA
graph	holdout	133	false	true	10	180	9	0	-55	NA	NA	NA
graph	holdout	134	false	true	10	178	3	0	-25	NA	NA	NA
graph	holdout	135	false	true	10	180	3	0	-36	NA	NA	NA
graph	holdout	136	false	true	10	176	0	0	-35	NA	NA	NA
graph	holdout	137	false	true	10	178	0	0	-26	NA	NA	NA
graph	holdout	138	false	true	10	178	3	0	-45	NA	NA	NA
graph	holdout	139	false	true	10	176	0	0	-35	NA	NA	NA
graph	holdout	140	false	true	10	180	6	0	-45	NA	NA	NA
graph	holdout	141	false	true	10	178	6	0	-35	NA	NA	NA
graph	holdout	142	false	true	10	178	3	0	-36	NA	NA	NA
graph	holdout	143	false	true	10	176	0	0	-26	NA	NA	NA
graph	holdout	144	false	true	10	178	0	0	-26	NA	NA	NA
graph	holdout	145	false	true	10	178	3	0	-36	NA	NA	NA
graph	holdout	146	false	true	10	176	0	0	-55	NA	NA	NA
graph	holdout	147	false	true	10	178	0	0	-35	NA	NA	NA
graph	holdout	148	false	true	10	180	6	0	-26	NA	NA	NA
graph	holdout	149	false	true	10	176	0	0	-25	NA	NA	NA
graph	holdout	150	false	true	10	176	0	0	-26	NA	NA	NA
graph	holdout	151	false	true	10	180	9	0	-35	NA	NA	NA
graph	holdout	152	false	true	10	176	0	0	-35	NA	NA	NA
graph	holdout	153	false	true	10	178	3	0	-16	NA	NA	NA
graph	holdout	154	false	true	10	176	0	0	-45	NA	NA	NA
graph	holdout	155	false	true	10	180	9	0	-35	NA	NA	NA
graph	holdout	156	false	true	10	176	0	0	-45	NA	NA	NA
graph	holdout	157	false	true	10	176	0	0	-16	NA	NA	NA
graph	holdout	158	false	true	10	176	0	0	-35	NA	NA	NA
graph	holdout	159	false	true	10	180	6	0	-45	NA	NA	NA
graph	holdout	160	false	true	10	176	0	0	-45	NA	NA	NA
graph	discovery	1	true	false	10	180	3	0	24	NA	NA	NA
graph	discovery	2	true	false	10	176	0	0	24	NA	NA	NA
graph	discovery	3	true	false	10	180	0	0	24	NA	NA	NA
graph	discovery	4	true	false	10	180	6	0	24	NA	NA	NA
graph	discovery	5	true	false	10	180	3	0	24	NA	NA	NA
graph	discovery	6	true	false	10	178	0	0	24	NA	NA	NA
graph	discovery	7	true	false	10	178	3	0	24	NA	NA	NA
graph	discovery	8	true	false	10	180	3	0	24	NA	NA	NA
graph	discovery	9	true	false	10	178	6	0	24	NA	NA	NA
graph	discovery	10	true	false	10	180	3	0	24	NA	NA	NA
graph	discovery	11	true	false	10	180	6	0	24	NA	NA	NA
graph	discovery	12	true	false	10	176	0	0	24	NA	NA	NA
graph	discovery	13	true	false	10	176	0	0	24	NA	NA	NA
graph	discovery	14	true	false	10	178	3	0	24	NA	NA	NA
graph	discovery	15	true	false	10	180	6	0	24	NA	NA	NA
graph	discovery	16	true	false	10	180	3	0	24	NA	NA	NA
graph	discovery	17	true	false	10	178	0	0	24	NA	NA	NA
graph	discovery	18	true	false	10	180	6	0	24	NA	NA	NA
graph	discovery	19	true	false	10	178	3	0	24	NA	NA	NA
graph	discovery	20	true	false	10	178	0	0	24	NA	NA	NA
graph	discovery	21	true	false	10	176	0	0	24	NA	NA	NA
graph	discovery	22	true	false	10	180	6	0	24	NA	NA	NA
graph	discovery	23	true	false	10	178	3	0	24	NA	NA	NA
graph	discovery	24	true	false	10	180	3	0	24	NA	NA	NA
graph	discovery	25	true	false	10	180	3	0	24	NA	NA	NA
graph	discovery	26	true	false	10	178	6	0	24	NA	NA	NA
graph	discovery	27	true	false	10	178	3	0	24	NA	NA	NA
graph	discovery	28	true	false	10	176	0	0	24	NA	NA	NA
graph	discovery	29	true	false	10	176	0	0	24	NA	NA	NA
graph	discovery	30	true	false	10	176	0	0	24	NA	NA	NA
graph	discovery	31	true	false	10	180	6	0	24	NA	NA	NA
graph	discovery	32	true	false	10	176	0	0	24	NA	NA	NA
graph	discovery	33	true	false	10	176	0	0	24	NA	NA	NA
graph	discovery	34	true	false	10	176	0	0	24	NA	NA	NA
graph	discovery	35	true	false	10	180	6	0	24	NA	NA	NA
graph	discovery	36	true	false	10	176	0	0	24	NA	NA	NA
graph	discovery	37	true	false	10	180	6	0	24	NA	NA	NA
graph	discovery	38	true	false	10	178	3	0	24	NA	NA	NA
graph	discovery	39	true	false	10	180	0	0	24	NA	NA	NA
graph	discovery	40	true	false	10	176	0	0	24	NA	NA	NA
graph	holdout	41	true	false	10	176	0	0	24	NA	NA	NA
graph	holdout	42	true	false	10	180	3	0	24	NA	NA	NA
graph	holdout	43	true	false	10	176	0	0	24	NA	NA	NA
graph	holdout	44	true	false	10	178	3	0	24	NA	NA	NA
graph	holdout	45	true	false	10	178	3	0	24	NA	NA	NA
graph	holdout	46	true	false	10	178	3	0	24	NA	NA	NA
graph	holdout	47	true	false	10	176	0	0	24	NA	NA	NA
graph	holdout	48	true	false	10	180	3	0	24	NA	NA	NA
graph	holdout	49	true	false	10	180	6	0	24	NA	NA	NA
graph	holdout	50	true	false	10	176	0	0	24	NA	NA	NA
graph	holdout	51	true	false	10	176	0	0	24	NA	NA	NA
graph	holdout	52	true	false	10	180	3	0	24	NA	NA	NA
graph	holdout	53	true	false	10	176	0	0	24	NA	NA	NA
graph	holdout	54	true	false	10	180	0	0	24	NA	NA	NA
graph	holdout	55	true	false	10	178	3	0	24	NA	NA	NA
graph	holdout	56	true	false	10	176	0	0	24	NA	NA	NA
graph	holdout	57	true	false	10	176	0	0	24	NA	NA	NA
graph	holdout	58	true	false	10	176	0	0	24	NA	NA	NA
graph	holdout	59	true	false	10	180	3	0	24	NA	NA	NA
graph	holdout	60	true	false	10	180	6	0	24	NA	NA	NA
graph	holdout	61	true	false	10	176	0	0	24	NA	NA	NA
graph	holdout	62	true	false	10	180	3	0	24	NA	NA	NA
graph	holdout	63	true	false	10	176	0	0	24	NA	NA	NA
graph	holdout	64	true	false	10	178	3	0	24	NA	NA	NA
graph	holdout	65	true	false	10	178	0	0	24	NA	NA	NA
graph	holdout	66	true	false	10	178	3	0	24	NA	NA	NA
graph	holdout	67	true	false	10	176	0	0	24	NA	NA	NA
graph	holdout	68	true	false	10	176	0	0	24	NA	NA	NA
graph	holdout	69	true	false	10	176	0	0	24	NA	NA	NA
graph	holdout	70	true	false	10	176	0	0	24	NA	NA	NA
graph	holdout	71	true	false	10	180	3	0	24	NA	NA	NA
graph	holdout	72	true	false	10	176	0	0	24	NA	NA	NA
graph	holdout	73	true	false	10	180	0	0	24	NA	NA	NA
graph	holdout	74	true	false	10	178	6	0	24	NA	NA	NA
graph	holdout	75	true	false	10	176	0	0	24	NA	NA	NA
graph	holdout	76	true	false	10	176	0	0	24	NA	NA	NA
graph	holdout	77	true	false	10	178	3	0	24	NA	NA	NA
graph	holdout	78	true	false	10	178	0	0	24	NA	NA	NA
graph	holdout	79	true	false	10	180	3	0	24	NA	NA	NA
graph	holdout	80	true	false	10	176	0	0	24	NA	NA	NA
floor_grid	discovery	NA	NA	NA	NA	NA	NA	NA	NA	512000	0	158/159
floor_grid	holdout	NA	NA	NA	NA	NA	NA	NA	NA	216000	0	276/277
