d,alpha_label,delta_over_d2
0.012,alpha = 1/2,0.00623412125046
0.01708176101,alpha = 1/2,0.00621783171838
0.02216352201,alpha = 1/2,0.00619586015259
0.02724528302,alpha = 1/2,0.00616821622553
0.03232704403,alpha = 1/2,0.00613491210291
0.03740880503,alpha = 1/2,0.00609596243567
0.04249056604,alpha = 1/2,0.00605138435034
0.04757232704,alpha = 1/2,0.00600119743775
0.05265408805,alpha = 1/2,0.00594542374018
0.05773584906,alpha = 1/2,0.00588408773687
0.06281761006,alpha = 1/2,0.00581721632792
0.06789937107,alpha = 1/2,0.00574483881665
0.07298113208,alpha = 1/2,0.00566698689043
0.07806289308,alpha = 1/2,0.00558369459988
0.08314465409,alpha = 1/2,0.00549499833666
0.08822641509,alpha = 1/2,0.00540093680963
0.0933081761,alpha = 1/2,0.00530155101969
0.09838993711,alpha = 1/2,0.00519688423298
0.1034716981,alpha = 1/2,0.00508698195281
0.1085534591,alpha = 1/2,0.00497189189008
0.1136352201,alpha = 1/2,0.00485166393237
0.1187169811,alpha = 1/2,0.00472635011164
0.1237987421,alpha = 1/2,0.00459600457062
0.1288805031,alpha = 1/2,0.00446068352793
0.1339622642,alpha = 1/2,0.00432044524193
0.1390440252,alpha = 1/2,0.00417534997327
0.1441257862,alpha = 1/2,0.00402545994633
0.1492075472,alpha = 1/2,0.00387083930949
0.1542893082,alpha = 1/2,0.00371155409419
0.1593710692,alpha = 1/2,0.00354767217301
0.1644528302,alpha = 1/2,0.00337926321658
0.1695345912,alpha = 1/2,0.00320639864958
0.1746163522,alpha = 1/2,0.00302915160569
0.1796981132,alpha = 1/2,0.00284759688163
0.1847798742,alpha = 1/2,0.00266181089026
0.1898616352,alpha = 1/2,0.00247187161292
0.1949433962,alpha = 1/2,0.00227785855081
0.2000251572,alpha = 1/2,0.00207985267572
0.2051069182,alpha = 1/2,0.00187793637997
0.2101886792,alpha = 1/2,0.00167219342565
0.2152704403,alpha = 1/2,0.00146270889324
0.2203522013,alpha = 1/2,0.00124956912959
0.2254339623,alpha = 1/2,0.0010328616954
0.2305157233,alpha = 1/2,0.00081267531214
0.2355974843,alpha = 1/2,0.000589099808475
0.2406792453,alpha = 1/2,0.000362226066329
0.2457610063,alpha = 1/2,0.000132145966518
0.2508427673,alpha = 1/2,-0.000101047665939
0.2559245283,alpha = 1/2,-0.000337261116803
0.2610062893,alpha = 1/2,-0.000576399837843
0.2660880503,alpha = 1/2,-0.000818368502274
0.2711698113,alpha = 1/2,-0.00106307106035
0.2762515723,alpha = 1/2,-0.00131041079505
0.2813333333,alpha = 1/2,-0.00156029037788
0.2864150943,alpha = 1/2,-0.00181261192468
0.2914968553,alpha = 1/2,-0.00206727705137
0.2965786164,alpha = 1/2,-0.00232418692969
0.3016603774,alpha = 1/2,-0.00258324234282
0.3067421384,alpha = 1/2,-0.00284434374086
0.3118238994,alpha = 1/2,-0.00310739129607
0.3169056604,alpha = 1/2,-0.00337228495797
0.3219874214,alpha = 1/2,-0.00363892450807
0.3270691824,alpha = 1/2,-0.00390720961436
0.3321509434,alpha = 1/2,-0.00417703988541
0.3372327044,alpha = 1/2,-0.00444831492408
0.3423144654,alpha = 1/2,-0.00472093438084
0.3473962264,alpha = 1/2,-0.00499479800654
0.3524779874,alpha = 1/2,-0.00526980570477
0.3575597484,alpha = 1/2,-0.00554585758358
0.3626415094,alpha = 1/2,-0.00582285400675
0.3677232704,alpha = 1/2,-0.00610069564428
0.3728050314,alpha = 1/2,-0.0063792835224
0.3778867925,alpha = 1/2,-0.0066585190728
0.3829685535,alpha = 1/2,-0.00693830418118
0.3880503145,alpha = 1/2,-0.00721854123504
0.3931320755,alpha = 1/2,-0.00749913317076
0.3982138365,alpha = 1/2,-0.00777998351979
0.4032955975,alpha = 1/2,-0.00806099645409
0.4083773585,alpha = 1/2,-0.00834207683067
0.4134591195,alpha = 1/2,-0.00862313023526
0.4185408805,alpha = 1/2,-0.0089040630251
0.4236226415,alpha = 1/2,-0.00918478237077
0.4287044025,alpha = 1/2,-0.00946519629705
0.4337861635,alpha = 1/2,-0.00974521372289
0.4388679245,alpha = 1/2,-0.0100247445003
0.4439496855,alpha = 1/2,-0.0103036994523
0.4490314465,alpha = 1/2,-0.0105819904097
0.4541132075,alpha = 1/2,-0.0108595302471
0.4591949686,alpha = 1/2,-0.0111362329176
0.4642767296,alpha = 1/2,-0.0114120134864
0.4693584906,alpha = 1/2,-0.0116867881635
0.4744402516,alpha = 1/2,-0.0119604743353
0.4795220126,alpha = 1/2,-0.0122329905948
0.4846037736,alpha = 1/2,-0.012504256771
0.4896855346,alpha = 1/2,-0.012774193957
0.4947672956,alpha = 1/2,-0.0130427245372
0.4998490566,alpha = 1/2,-0.0133097722127
0.5049308176,alpha = 1/2,-0.0135752620266
0.5100125786,alpha = 1/2,-0.0138391203869
0.5150943396,alpha = 1/2,-0.0141012750895
0.5201761006,alpha = 1/2,-0.0143616553392
0.5252578616,alpha = 1/2,-0.0146201917697
0.5303396226,alpha = 1/2,-0.0148768164624
0.5354213836,alpha = 1/2,-0.0151314629647
0.5405031447,alpha = 1/2,-0.015384066306
0.5455849057,alpha = 1/2,-0.0156345630134
0.5506666667,alpha = 1/2,-0.0158828911263
0.5557484277,alpha = 1/2,-0.0161289902088
0.5608301887,alpha = 1/2,-0.0163728013625
0.5659119497,alpha = 1/2,-0.0166142672371
0.5709937107,alpha = 1/2,-0.0168533320398
0.5760754717,alpha = 1/2,-0.0170899415448
0.5811572327,alpha = 1/2,-0.0173240431
0.5862389937,alpha = 1/2,-0.0175555856338
0.5913207547,alpha = 1/2,-0.0177845196607
0.5964025157,alpha = 1/2,-0.0180107972852
0.6014842767,alpha = 1/2,-0.0182343722055
0.6065660377,alpha = 1/2,-0.0184551997153
0.6116477987,alpha = 1/2,-0.0186732367051
0.6167295597,alpha = 1/2,-0.0188884416626
0.6218113208,alpha = 1/2,-0.0191007746716
0.6268930818,alpha = 1/2,-0.0193101974104
0.6319748428,alpha = 1/2,-0.0195166731488
0.6370566038,alpha = 1/2,-0.0197201667448
0.6421383648,alpha = 1/2,-0.0199206446393
0.6472201258,alpha = 1/2,-0.0201180748514
0.6523018868,alpha = 1/2,-0.0203124269713
0.6573836478,alpha = 1/2,-0.0205036721531
0.6624654088,alpha = 1/2,-0.020691783107
0.6675471698,alpha = 1/2,-0.02087673409
0.6726289308,alpha = 1/2,-0.0210585008962
0.6777106918,alpha = 1/2,-0.0212370608462
0.6827924528,alpha = 1/2,-0.0214123927759
0.6878742138,alpha = 1/2,-0.0215844770242
0.6929559748,alpha = 1/2,-0.0217532954202
0.6980377358,alpha = 1/2,-0.0219188312701
0.7031194969,alpha = 1/2,-0.0220810693426
0.7082012579,alpha = 1/2,-0.022239995854
0.7132830189,alpha = 1/2,-0.0223955984531
0.7183647799,alpha = 1/2,-0.0225478662051
0.7234465409,alpha = 1/2,-0.0226967895744
0.7285283019,alpha = 1/2,-0.0228423604082
0.7336100629,alpha = 1/2,-0.022984571918
0.7386918239,alpha = 1/2,-0.0231234186619
0.7437735849,alpha = 1/2,-0.0232588965254
0.7488553459,alpha = 1/2,-0.0233910027024
0.7539371069,alpha = 1/2,-0.0235197356755
0.7590188679,alpha = 1/2,-0.0236450951958
0.7641006289,alpha = 1/2,-0.0237670822626
0.7691823899,alpha = 1/2,-0.0238856991021
0.7742641509,alpha = 1/2,-0.0240009491468
0.7793459119,alpha = 1/2,-0.0241128370131
0.784427673,alpha = 1/2,-0.0242213684803
0.789509434,alpha = 1/2,-0.0243265504679
0.794591195,alpha = 1/2,-0.024428391013
0.799672956,alpha = 1/2,-0.0245268992482
0.804754717,alpha = 1/2,-0.0246220853783
0.809836478,alpha = 1/2,-0.0247139606572
0.814918239,alpha = 1/2,-0.0248025373647
0.82,alpha = 1/2,-0.0248878287832
0.012,alpha = 2/3,-1.67779693004e-05
0.01708176101,alpha = 2/3,-3.39903035749e-05
0.02216352201,alpha = 2/3,-5.72070717454e-05
0.02724528302,alpha = 2/3,-8.64185098456e-05
0.03232704403,alpha = 2/3,-0.000121612335927
0.03740880503,alpha = 2/3,-0.000162773757363
0.04249056604,alpha = 2/3,-0.000209885479642
0.04757232704,alpha = 2/3,-0.000262927716647
0.05265408805,alpha = 2/3,-0.000321878202407
0.05773584906,alpha = 2/3,-0.000386712204319
0.06281761006,alpha = 2/3,-0.000457402537826
0.06789937107,alpha = 2/3,-0.000533919582538
0.07298113208,alpha = 2/3,-0.000616231299791
0.07806289308,alpha = 2/3,-0.000704303251624
0.08314465409,alpha = 2/3,-0.00079809862116
0.08822641509,alpha = 2/3,-0.000897578234378
0.0933081761,alpha = 2/3,-0.00100270058326
0.09838993711,alpha = 2/3,-0.00111342185031
0.1034716981,alpha = 2/3,-0.00122969593435
0.1085534591,alpha = 2/3,-0.00135147447774
0.1136352201,alpha = 2/3,-0.00147870689476
0.1187169811,alpha = 2/3,-0.00161134040142
0.1237987421,alpha = 2/3,-0.00174932004637
0.1288805031,alpha = 2/3,-0.00189258874317
0.1339622642,alpha = 2/3,-0.00204108730367
0.1390440252,alpha = 2/3,-0.00219475447263
0.1441257862,alpha = 2/3,-0.00235352696346
0.1492075472,alpha = 2/3,-0.00251733949508
0.1542893082,alpha = 2/3,-0.00268612482993
0.1593710692,alpha = 2/3,-0.002859813813
0.1644528302,alpha = 2/3,-0.0030383354119
0.1695345912,alpha = 2/3,-0.00322161675797
0.1746163522,alpha = 2/3,-0.00340958318835
0.1796981132,alpha = 2/3,-0.00360215828898
0.1847798742,alpha = 2/3,-0.00379926393857
0.1898616352,alpha = 2/3,-0.00400082035336
0.1949433962,alpha = 2/3,-0.00420674613284
0.2000251572,alpha = 2/3,-0.00441695830617
0.2051069182,alpha = 2/3,-0.00463137237946
0.2101886792,alpha = 2/3,-0.00484990238377
0.2152704403,alpha = 2/3,-0.00507246092377
0.2203522013,alpha = 2/3,-0.00529895922714
0.2254339623,alpha = 2/3,-0.00552930719456
0.2305157233,alpha = 2/3,-0.00576341345032
0.2355974843,alpha = 2/3,-0.00600118539346
0.2406792453,alpha = 2/3,-0.00624252924942
0.2457610063,alpha = 2/3,-0.00648735012223
0.2508427673,alpha = 2/3,-0.0067355520471
0.2559245283,alpha = 2/3,-0.00698703804341
0.2610062893,alpha = 2/3,-0.00724171016806
0.2660880503,alpha = 2/3,-0.00749946956918
0.2711698113,alpha = 2/3,-0.00776021654009
0.2762515723,alpha = 2/3,-0.00802385057355
0.2813333333,alpha = 2/3,-0.00829027041612
0.2864150943,alpha = 2/3,-0.00855937412283
0.2914968553,alpha = 2/3,-0.00883105911184
0.2965786164,alpha = 2/3,-0.00910522221929
0.3016603774,alpha = 2/3,-0.00938175975413
0.3067421384,alpha = 2/3,-0.009660567553
0.3118238994,alpha = 2/3,-0.00994154103505
0.3169056604,alpha = 2/3,-0.0102245752567
0.3219874214,alpha = 2/3,-0.0105095649665
0.3270691824,alpha = 2/3,-0.0107964046591
0.3321509434,alpha = 2/3,-0.0110849886302
0.3372327044,alpha = 2/3,-0.0113752110304
0.3423144654,alpha = 2/3,-0.011666965919
0.3473962264,alpha = 2/3,-0.0119601473176
0.3524779874,alpha = 2/3,-0.0122546492633
0.3575597484,alpha = 2/3,-0.0125503658616
0.3626415094,alpha = 2/3,-0.0128471913389
0.3677232704,alpha = 2/3,-0.0131450200944
0.3728050314,alpha = 2/3,-0.0134437467515
0.3778867925,alpha = 2/3,-0.0137432662093
0.3829685535,alpha = 2/3,-0.0140434736926
0.3880503145,alpha = 2/3,-0.0143442648022
0.3931320755,alpha = 2/3,-0.0146455355639
0.3982138365,alpha = 2/3,-0.0149471824773
0.4032955975,alpha = 2/3,-0.0152491025639
0.4083773585,alpha = 2/3,-0.0155511934144
0.4134591195,alpha = 2/3,-0.0158533532353
0.4185408805,alpha = 2/3,-0.0161554808946
0.4236226415,alpha = 2/3,-0.0164574759671
0.4287044025,alpha = 2/3,-0.0167592387784
0.4337861635,alpha = 2/3,-0.0170606704486
0.4388679245,alpha = 2/3,-0.017361672935
0.4439496855,alpha = 2/3,-0.0176621490732
0.4490314465,alpha = 2/3,-0.0179620026186
0.4541132075,alpha = 2/3,-0.018261138286
0.4591949686,alpha = 2/3,-0.0185594617884
0.4642767296,alpha = 2/3,-0.0188568798754
0.4693584906,alpha = 2/3,-0.0191533003698
0.4744402516,alpha = 2/3,-0.0194486322038
0.4795220126,alpha = 2/3,-0.0197427854541
0.4846037736,alpha = 2/3,-0.0200356713758
0.4896855346,alpha = 2/3,-0.0203272024353
0.4947672956,alpha = 2/3,-0.0206172923421
0.4998490566,alpha = 2/3,-0.02090585608
0.5049308176,alpha = 2/3,-0.0211928099362
0.5100125786,alpha = 2/3,-0.0214780715306
0.5150943396,alpha = 2/3,-0.0217615598431
0.5201761006,alpha = 2/3,-0.0220431952398
0.5252578616,alpha = 2/3,-0.0223228994988
0.5303396226,alpha = 2/3,-0.0226005958338
0.5354213836,alpha = 2/3,-0.022876208918
0.5405031447,alpha = 2/3,-0.0231496649053
0.5455849057,alpha = 2/3,-0.0234208914515
0.5506666667,alpha = 2/3,-0.023689817734
0.5557484277,alpha = 2/3,-0.0239563744702
0.5608301887,alpha = 2/3,-0.0242204939351
0.5659119497,alpha = 2/3,-0.0244821099775
0.5709937107,alpha = 2/3,-0.024741158035
0.5760754717,alpha = 2/3,-0.0249975751484
0.5811572327,alpha = 2/3,-0.0252512999744
0.5862389937,alpha = 2/3,-0.0255022727974
0.5913207547,alpha = 2/3,-0.0257504355399
0.5964025157,alpha = 2/3,-0.0259957317727
0.6014842767,alpha = 2/3,-0.0262381067227
0.6065660377,alpha = 2/3,-0.0264775072807
0.6116477987,alpha = 2/3,-0.0267138820077
0.6167295597,alpha = 2/3,-0.0269471811396
0.6218113208,alpha = 2/3,-0.0271773565919
0.6268930818,alpha = 2/3,-0.0274043619627
0.6319748428,alpha = 2/3,-0.0276281525345
0.6370566038,alpha = 2/3,-0.0278486852756
0.6421383648,alpha = 2/3,-0.0280659188396
0.6472201258,alpha = 2/3,-0.028279813565
0.6523018868,alpha = 2/3,-0.028490331473
0.6573836478,alpha = 2/3,-0.0286974362643
0.6624654088,alpha = 2/3,-0.0289010933156
0.6675471698,alpha = 2/3,-0.0291012696747
0.6726289308,alpha = 2/3,-0.0292979340546
0.6777106918,alpha = 2/3,-0.0294910568269
0.6827924528,alpha = 2/3,-0.0296806100145
0.6878742138,alpha = 2/3,-0.0298665672828
0.6929559748,alpha = 2/3,-0.030048903931
0.6980377358,alpha = 2/3,-0.0302275968814
0.7031194969,alpha = 2/3,-0.0304026246693
0.7082012579,alpha = 2/3,-0.0305739674305
0.7132830189,alpha = 2/3,-0.0307416068897
0.7183647799,alpha = 2/3,-0.0309055263468
0.7234465409,alpha = 2/3,-0.031065710663
0.7285283019,alpha = 2/3,-0.0312221462468
0.7336100629,alpha = 2/3,-0.0313748210381
0.7386918239,alpha = 2/3,-0.0315237244925
0.7437735849,alpha = 2/3,-0.0316688475649
0.7488553459,alpha = 2/3,-0.0318101826922
0.7539371069,alpha = 2/3,-0.0319477237754
0.7590188679,alpha = 2/3,-0.0320814661616
0.7641006289,alpha = 2/3,-0.0322114066249
0.7691823899,alpha = 2/3,-0.032337543347
0.7742641509,alpha = 2/3,-0.0324598758976
0.7793459119,alpha = 2/3,-0.0325784052134
0.784427673,alpha = 2/3,-0.0326931335781
0.789509434,alpha = 2/3,-0.0328040646004
0.794591195,alpha = 2/3,-0.0329112031928
0.799672956,alpha = 2/3,-0.0330145555493
0.804754717,alpha = 2/3,-0.0331141291233
0.809836478,alpha = 2/3,-0.0332099326042
0.814918239,alpha = 2/3,-0.0333019758951
0.82,alpha = 2/3,-0.0333902700887
0.012,alpha = 4/5,-0.00715935229475
0.01708176101,alpha = 4/5,-0.00717627475275
0.02216352201,alpha = 4/5,-0.00719910094473
0.02724528302,alpha = 4/5,-0.00722782164659
0.03232704403,alpha = 4/5,-0.0072624252544
0.03740880503,alpha = 4/5,-0.00730289779058
0.04249056604,alpha = 4/5,-0.00734922291136
0.04757232704,alpha = 4/5,-0.00740138191543
0.05265408805,alpha = 4/5,-0.00745935375393
0.05773584906,alpha = 4/5,-0.0075231150416
0.06281761006,alpha = 4/5,-0.00759264006925
0.06789937107,alpha = 4/5,-0.00766790081743
0.07298113208,alpha = 4/5,-0.00774886697129
0.07806289308,alpha = 4/5,-0.00783550593674
0.08314465409,alpha = 4/5,-0.00792778285773
0.08822641509,alpha = 4/5,-0.00802566063479
0.0933081761,alpha = 4/5,-0.00812909994473
0.09838993711,alpha = 4/5,-0.00823805926153
0.1034716981,alpha = 4/5,-0.00835249487837
0.1085534591,alpha = 4/5,-0.00847236093084
0.1136352201,alpha = 4/5,-0.00859760942124
0.1187169811,alpha = 4/5,-0.00872819024409
0.1237987421,alpha = 4/5,-0.00886405121265
0.1288805031,alpha = 4/5,-0.00900513808658
0.1339622642,alpha = 4/5,-0.00915139460068
0.1390440252,alpha = 4/5,-0.00930276249465
0.1441257862,alpha = 4/5,-0.00945918154395
0.1492075472,alpha = 4/5,-0.00962058959163
0.1542893082,alpha = 4/5,-0.00978692258116
0.1593710692,alpha = 4/5,-0.00995811459029
0.1644528302,alpha = 4/5,-0.0101340978658
0.1695345912,alpha = 4/5,-0.0103148028593
0.1746163522,alpha = 4/5,-0.0105001582637
0.1796981132,alpha = 4/5,-0.0106900910511
0.1847798742,alpha = 4/5,-0.0108845265107
0.1898616352,alpha = 4/5,-0.0110833882885
0.1949433962,alpha = 4/5,-0.0112865984273
0.2000251572,alpha = 4/5,-0.0114940774073
0.2051069182,alpha = 4/5,-0.0117057441879
0.2101886792,alpha = 4/5,-0.0119215162503
0.2152704403,alpha = 4/5,-0.0121413096404
0.2203522013,alpha = 4/5,-0.0123650390124
0.2254339623,alpha = 4/5,-0.0125926176738
0.2305157233,alpha = 4/5,-0.0128239576299
0.2355974843,alpha = 4/5,-0.0130589696299
0.2406792453,alpha = 4/5,-0.013297563213
0.2457610063,alpha = 4/5,-0.0135396467552
0.2508427673,alpha = 4/5,-0.0137851275166
0.2559245283,alpha = 4/5,-0.0140339116895
0.2610062893,alpha = 4/5,-0.014285904446
0.2660880503,alpha = 4/5,-0.0145410099876
0.2711698113,alpha = 4/5,-0.0147991315932
0.2762515723,alpha = 4/5,-0.0150601716693
0.2813333333,alpha = 4/5,-0.0153240317996
0.2864150943,alpha = 4/5,-0.0155906127947
0.2914968553,alpha = 4/5,-0.0158598147425
0.2965786164,alpha = 4/5,-0.016131537059
0.3016603774,alpha = 4/5,-0.0164056785385
0.3067421384,alpha = 4/5,-0.0166821374048
0.3118238994,alpha = 4/5,-0.0169608113619
0.3169056604,alpha = 4/5,-0.0172415976454
0.3219874214,alpha = 4/5,-0.0175243930731
0.3270691824,alpha = 4/5,-0.0178090940965
0.3321509434,alpha = 4/5,-0.0180955968515
0.3372327044,alpha = 4/5,-0.01838379721
0.3423144654,alpha = 4/5,-0.0186735908304
0.3473962264,alpha = 4/5,-0.0189648732085
0.3524779874,alpha = 4/5,-0.0192575397283
0.3575597484,alpha = 4/5,-0.0195514857125
0.3626415094,alpha = 4/5,-0.0198466064726
0.3677232704,alpha = 4/5,-0.0201427973591
0.3728050314,alpha = 4/5,-0.0204399538112
0.3778867925,alpha = 4/5,-0.0207379714063
0.3829685535,alpha = 4/5,-0.0210367459087
0.3880503145,alpha = 4/5,-0.0213361733188
0.3931320755,alpha = 4/5,-0.0216361499211
0.3982138365,alpha = 4/5,-0.0219365723319
0.4032955975,alpha = 4/5,-0.0222373375471
0.4083773585,alpha = 4/5,-0.0225383429886
0.4134591195,alpha = 4/5,-0.0228394865507
0.4185408805,alpha = 4/5,-0.0231406666462
0.4236226415,alpha = 4/5,-0.0234417822512
0.4287044025,alpha = 4/5,-0.0237427329497
0.4337861635,alpha = 4/5,-0.0240434189776
0.4388679245,alpha = 4/5,-0.0243437412659
0.4439496855,alpha = 4/5,-0.0246436014833
0.4490314465,alpha = 4/5,-0.0249429020777
0.4541132075,alpha = 4/5,-0.0252415463178
0.4591949686,alpha = 4/5,-0.0255394383326
0.4642767296,alpha = 4/5,-0.0258364831519
0.4693584906,alpha = 4/5,-0.0261325867439
0.4744402516,alpha = 4/5,-0.0264276560541
0.4795220126,alpha = 4/5,-0.0267215990413
0.4846037736,alpha = 4/5,-0.0270143247145
0.4896855346,alpha = 4/5,-0.0273057431675
0.4947672956,alpha = 4/5,-0.0275957656137
0.4998490566,alpha = 4/5,-0.0278843044191
0.5049308176,alpha = 4/5,-0.0281712731349
0.5100125786,alpha = 4/5,-0.0284565865291
0.5150943396,alpha = 4/5,-0.0287401606165
0.5201761006,alpha = 4/5,-0.0290219126887
0.5252578616,alpha = 4/5,-0.0293017613426
0.5303396226,alpha = 4/5,-0.0295796265073
0.5354213836,alpha = 4/5,-0.0298554294714
0.5405031447,alpha = 4/5,-0.0301290929076
0.5455849057,alpha = 4/5,-0.0304005408978
0.5506666667,alpha = 4/5,-0.0306696989562
0.5557484277,alpha = 4/5,-0.0309364940514
0.5608301887,alpha = 4/5,-0.0312008546278
0.5659119497,alpha = 4/5,-0.0314627106259
0.5709937107,alpha = 4/5,-0.0317219935011
0.5760754717,alpha = 4/5,-0.0319786362423
0.5811572327,alpha = 4/5,-0.032232573388
0.5862389937,alpha = 4/5,-0.032483741043
0.5913207547,alpha = 4/5,-0.0327320768929
0.5964025157,alpha = 4/5,-0.0329775202178
0.6014842767,alpha = 4/5,-0.0332200119051
0.6065660377,alpha = 4/5,-0.0334594944609
0.6116477987,alpha = 4/5,-0.033695912021
0.6167295597,alpha = 4/5,-0.0339292103599
0.6218113208,alpha = 4/5,-0.0341593368996
0.6268930818,alpha = 4/5,-0.0343862407166
0.6319748428,alpha = 4/5,-0.0346098725488
0.6370566038,alpha = 4/5,-0.0348301848003
0.6421383648,alpha = 4/5,-0.0350471315462
0.6472201258,alpha = 4/5,-0.0352606685353
0.6523018868,alpha = 4/5,-0.0354707531928
0.6573836478,alpha = 4/5,-0.0356773446216
0.6624654088,alpha = 4/5,-0.0358804036023
0.6675471698,alpha = 4/5,-0.0360798925929
0.6726289308,alpha = 4/5,-0.0362757757268
0.6777106918,alpha = 4/5,-0.0364680188104
0.6827924528,alpha = 4/5,-0.03665658932
0.6878742138,alpha = 4/5,-0.0368414563965
0.6929559748,alpha = 4/5,-0.037022590841
0.6980377358,alpha = 4/5,-0.0371999651079
0.7031194969,alpha = 4/5,-0.0373735532985
0.7082012579,alpha = 4/5,-0.0375433311524
0.7132830189,alpha = 4/5,-0.0377092760393
0.7183647799,alpha = 4/5,-0.0378713669491
0.7234465409,alpha = 4/5,-0.0380295844816
0.7285283019,alpha = 4/5,-0.0381839108357
0.7336100629,alpha = 4/5,-0.038334329797
0.7386918239,alpha = 4/5,-0.0384808267253
0.7437735849,alpha = 4/5,-0.0386233885415
0.7488553459,alpha = 4/5,-0.0387620037133
0.7539371069,alpha = 4/5,-0.0388966622405
0.7590188679,alpha = 4/5,-0.0390273556394
0.7641006289,alpha = 4/5,-0.0391540769274
0.7691823899,alpha = 4/5,-0.0392768206053
0.7742641509,alpha = 4/5,-0.0393955826412
0.7793459119,alpha = 4/5,-0.0395103604517
0.784427673,alpha = 4/5,-0.0396211528839
0.789509434,alpha = 4/5,-0.0397279601966
0.794591195,alpha = 4/5,-0.0398307840407
0.799672956,alpha = 4/5,-0.0399296274391
0.804754717,alpha = 4/5,-0.0400244947665
0.809836478,alpha = 4/5,-0.0401153917287
0.814918239,alpha = 4/5,-0.0402023253408
0.82,alpha = 4/5,-0.0402853039063
