d,delta_over_d4,limit
3.16227766e-05,-0.116536458175,-0.116536458333
3.395746422e-05,-0.116536458151,-0.116536458333
3.646452021e-05,-0.116536458123,-0.116536458333
3.91566704e-05,-0.116536458091,-0.116536458333
4.204758016e-05,-0.116536458054,-0.116536458333
4.515192378e-05,-0.116536458011,-0.116536458333
4.848545894e-05,-0.116536457961,-0.116536458333
5.206510668e-05,-0.116536457904,-0.116536458333
5.590903733e-05,-0.116536457839,-0.116536458333
6.00367627e-05,-0.116536457763,-0.116536458333
6.446923517e-05,-0.116536457676,-0.116536458333
6.9228954e-05,-0.116536457575,-0.116536458333
7.434007957e-05,-0.116536457459,-0.116536458333
7.982855598e-05,-0.116536457325,-0.116536458333
8.572224279e-05,-0.116536457171,-0.116536458333
9.205105641e-05,-0.116536456993,-0.116536458333
9.884712194e-05,-0.116536456787,-0.116536458333
0.0001061449363,-0.116536456551,-0.116536458333
0.0001139815431,-0.116536456278,-0.116536458333
0.0001223967213,-0.116536455963,-0.116536458333
0.0001314331861,-0.1165364556,-0.116536458333
0.0001411368069,-0.116536455181,-0.116536458333
0.0001515568393,-0.116536454699,-0.116536458333
0.0001627461754,-0.116536454142,-0.116536458333
0.0001747616125,-0.116536453501,-0.116536458333
0.0001876641409,-0.116536452761,-0.116536458333
0.000201519254,-0.116536451908,-0.116536458333
0.0002163972805,-0.116536450924,-0.116536458333
0.0002323737413,-0.116536449789,-0.116536458333
0.0002495297332,-0.116536448481,-0.116536458333
0.0002679523399,-0.116536446973,-0.116536458333
0.000287735075,-0.116536445233,-0.116536458333
0.0003089783556,-0.116536443227,-0.116536458333
0.0003317900129,-0.116536440915,-0.116536458333
0.000356285839,-0.116536438248,-0.116536458333
0.0003825901749,-0.116536435172,-0.116536458333
0.0004108365417,-0.116536431626,-0.116536458333
0.000441168318,-0.116536427537,-0.116536458333
0.0004737394684,-0.116536422822,-0.116536458333
0.0005087153241,-0.116536417385,-0.116536458333
0.000546273423,-0.116536411115,-0.116536458333
0.0005866044102,-0.116536403886,-0.116536458333
0.0006299130061,-0.116536395549,-0.116536458333
0.0006764190456,-0.116536385936,-0.116536458333
0.0007263585937,-0.116536374852,-0.116536458333
0.0007799851439,-0.11653636207,-0.116536458333
0.0008375709051,-0.116536347331,-0.116536458333
0.000899408183,-0.116536330335,-0.116536458333
0.0009658108641,-0.116536310738,-0.116536458333
0.001037116009,-0.116536288139,-0.116536458333
0.001113685563,-0.116536262081,-0.116536458333
0.001195908194,-0.116536232033,-0.116536458333
0.001284201265,-0.116536197385,-0.116536458333
0.001379012952,-0.116536157431,-0.116536458333
0.00148082452,-0.11653611136,-0.116536458333
0.001590152766,-0.116536058235,-0.116536458333
0.001707552639,-0.116535996977,-0.116536458333
0.001833620064,-0.116535926339,-0.116536458333
0.001968994959,-0.116535844886,-0.116536458333
0.002114364489,-0.116535750962,-0.116536458333
0.00227046655,-0.116535642657,-0.116536458333
0.002438093517,-0.11653551777,-0.116536458333
0.002618096267,-0.116535373761,-0.116536458333
0.002811388495,-0.116535207704,-0.116536458333
0.003018951354,-0.116535016222,-0.116536458333
0.003241838435,-0.116534795423,-0.116536458333
0.003481181114,-0.116534540819,-0.116536458333
0.003738194296,-0.116534247232,-0.116536458333
0.004014182583,-0.116533908696,-0.116536458333
0.004310546894,-0.116533518328,-0.116536458333
0.004628791576,-0.116533068193,-0.116536458333
0.004970532041,-0.116532549141,-0.116536458333
0.005337502968,-0.11653195062,-0.116536458333
0.005731567103,-0.116531260464,-0.116536458333
0.006154724719,-0.116530464645,-0.116536458333
0.006609123768,-0.116529546986,-0.116536458333
0.007097070783,-0.116528488835,-0.116536458333
0.007621042587,-0.116527268684,-0.116536458333
0.008183698865,-0.116525861735,-0.116536458333
0.008787895665,-0.116524239393,-0.116536458333
0.009436699895,-0.116522368687,-0.116536458333
0.01013340489,-0.1165202116,-0.116536458333
0.01088154713,-0.116517724299,-0.116536458333
0.01168492419,-0.116514856243,-0.116536458333
0.01254761403,-0.116511549161,-0.116536458333
0.01347399565,-0.116507735865,-0.116536458333
0.01446877139,-0.116503338893,-0.116536458333
0.01553699072,-0.116498268936,-0.116536458333
0.01668407595,-0.116492423031,-0.116536458333
0.01791584969,-0.116485682476,-0.116536458333
0.01923856442,-0.116477910426,-0.116536458333
0.02065893426,-0.116468949131,-0.116536458333
0.02218416902,-0.116458616746,-0.116536458333
0.0238220108,-0.116446703663,-0.116536458333
0.02558077331,-0.116432968288,-0.116536458333
0.02746938402,-0.116417132174,-0.116536458333
0.02949742956,-0.116398874427,-0.116536458333
0.03167520428,-0.116377825271,-0.116536458333
0.0340137626,-0.116353558638,-0.116536458333
0.03652497506,-0.116325583665,-0.116536458333
0.03922158859,-0.11629333491,-0.116536458333
0.04211729122,-0.116256161127,-0.116536458333
0.04522678156,-0.116213312383,-0.116536458333
0.04856584341,-0.116163925282,-0.116536458333
0.05215142588,-0.116107006039,-0.116536458333
0.05600172941,-0.116041411111,-0.116536458333
0.06013629818,-0.115965825053,-0.116536458333
0.06457611928,-0.115878735242,-0.116536458333
0.0693437293,-0.115778403068,-0.116536458333
0.07446332864,-0.115662831177,-0.116536458333
0.07996090445,-0.11552972628,-0.116536458333
0.08586436246,-0.115376457067,-0.116536458333
0.09220366867,-0.11520000672,-0.116536458333
0.09901100145,-0.114996919531,-0.116536458333
0.1063209149,-0.114763241168,-0.116536458333
0.1141705141,-0.114494452181,-0.116536458333
0.1225996439,-0.114185394481,-0.116536458333
0.1316510904,-0.113830190695,-0.116536458333
0.1413707989,-0.11342215658,-0.116536458333
0.1518081067,-0.112953707105,-0.116536458333
0.1630159938,-0.112416257372,-0.116536458333
0.1750513513,-0.111800120344,-0.116536458333
0.1879752709,-0.111094404398,-0.116536458333
0.2018533545,-0.110286915158,-0.116536458333
0.2167560474,-0.109364067846,-0.116536458333
0.2327589958,-0.108310818733,-0.116536458333
0.2499434307,-0.107110627141,-0.116536458333
0.2683965805,-0.105745462967,-0.116536458333
0.2882121135,-0.10419587877,-0.116536458333
0.3094906136,-0.102441170164,-0.116536458333
0.3323400905,-0.100459653121,-0.116536458333
0.3568765284,-0.0982290916016,-0.116536458333
0.3832244745,-0.09572731266,-0.116536458333
0.4115176712,-0.0929330478131,-0.116536458333
0.4418997349,-0.0898270370031,-0.116536458333
0.4745248852,-0.0863934227011,-0.116536458333
0.5095587277,-0.082621443467,-0.116536458333
0.5471790945,-0.0785074053709,-0.116536458333
0.5875769468,-0.0740568631305,-0.116536458333
0.6309573445,-0.0692868792168,-0.116536458333
